id,first name,last name,dateOfBirth,Flag1,Flag2
10000001,Jane1,Doe1,2/2/87,Y,N
10000002,Jane2,Doe2,2/3/87,Y,N
10000003,Jane3,Doe3,2/4/87,Y,N
10000004,Jane4,Doe4,2/5/87,Y,N
10000005,Jane5,Doe5,2/6/87,Y,N
10000006,Jane6,Doe6,2/7/87,Y,N
10000007,Jane7,Doe7,2/8/87,Y,N
10000008,Jane8,Doe8,2/9/87,Y,N
10000009,Jane9,Doe9,2/10/87,Y,N
10000010,Jane10,Doe10,2/11/87,Y,N
10000011,Jane11,Doe11,2/12/87,Y,N
10000012,Jane12,Doe12,2/13/87,Y,N
10000013,Jane13,Doe13,2/14/87,Y,N
10000014,Jane14,Doe14,2/15/87,Y,N
10000015,Jane15,Doe15,2/16/87,Y,N
10000016,Jane16,Doe16,2/17/87,Y,N
10000017,Jane17,Doe17,2/18/87,Y,N
10000018,Jane18,Doe18,2/19/87,Y,N
10000019,Jane19,Doe19,2/20/87,Y,N
10000020,Jane20,Doe20,2/21/87,Y,N
10000021,Jane21,Doe21,2/22/87,Y,N
10000022,Jane22,Doe22,2/23/87,Y,N
10000023,Jane23,Doe23,2/24/87,Y,N
10000024,Jane24,Doe24,2/25/87,Y,N
10000025,Jane25,Doe25,2/26/87,Y,N
10000026,Jane26,Doe26,2/27/87,Y,N
10000027,Jane27,Doe27,2/28/87,Y,N
10000028,Jane28,Doe28,3/1/87,Y,N
10000029,Jane29,Doe29,3/2/87,Y,N
10000030,Jane30,Doe30,3/3/87,Y,N
10000031,Jane31,Doe31,3/4/87,Y,N
10000032,Jane32,Doe32,3/5/87,Y,N
10000033,Jane33,Doe33,3/6/87,Y,N
10000034,Jane34,Doe34,3/7/87,Y,N
10000035,Jane35,Doe35,3/8/87,Y,N
10000036,Jane36,Doe36,3/9/87,Y,N
10000037,Jane37,Doe37,3/10/87,Y,N
10000038,Jane38,Doe38,3/11/87,Y,N
10000039,Jane39,Doe39,3/12/87,Y,N
10000040,Jane40,Doe40,3/13/87,Y,N
10000041,Jane41,Doe41,3/14/87,Y,N
10000042,Jane42,Doe42,3/15/87,Y,N
10000043,Jane43,Doe43,3/16/87,Y,N
10000044,Jane44,Doe44,3/17/87,Y,N
10000045,Jane45,Doe45,3/18/87,Y,N
10000046,Jane46,Doe46,3/19/87,Y,N
10000047,Jane47,Doe47,3/20/87,Y,N
10000048,Jane48,Doe48,3/21/87,Y,N
10000049,Jane49,Doe49,3/22/87,Y,N
10000050,Jane50,Doe50,3/23/87,Y,N
10000051,Jane51,Doe51,3/24/87,Y,N
10000052,Jane52,Doe52,3/25/87,Y,N
10000053,Jane53,Doe53,3/26/87,Y,N
10000054,Jane54,Doe54,3/27/87,Y,N
10000055,Jane55,Doe55,3/28/87,Y,N
10000056,Jane56,Doe56,3/29/87,Y,N
10000057,Jane57,Doe57,3/30/87,Y,N
10000058,Jane58,Doe58,3/31/87,Y,N